id,ra,dec,f606w
662,265.179498,-53.677437,15.2965 
666,265.181497,-53.677121,16.3176 
676,265.17511,-53.67702,16.4022 
678,265.175945,-53.677003,16.5958 
683,265.17403,-53.676914,16.3407 
688,265.181579,-53.676791,14.5135 
689,265.17889,-53.676765,16.5482 
694,265.181126,-53.67668,12.4816 
702,265.17802,-53.676507,14.3627 
703,265.175011,-53.676473,16.2526 
705,265.175142,-53.67641,16.4946 
706,265.175781,-53.676398,16.1553 
707,265.175012,-53.676393,16.5566 
713,265.180814,-53.676274,13.7637 
718,265.180565,-53.676207,16.7235 
719,265.172083,-53.676207,15.873 
726,265.177453,-53.67608,16.5445 
729,265.17375,-53.675993,15.711 
734,265.180766,-53.675886,16.8064 
737,265.176787,-53.67585,16.3883 
748,265.184439,-53.675658,15.1762 
749,265.177389,-53.675664,14.4922 
754,265.176432,-53.675498,14.4567 
758,265.181939,-53.675432,16.7 
759,265.172802,-53.675432,16.0356 
760,265.176839,-53.675424,16.5061 
761,265.174562,-53.675332,15.4587 
763,265.174192,-53.675316,17.1495 
767,265.185186,-53.675256,14.2939 
769,265.171181,-53.675245,16.4887 
775,265.177714,-53.675144,16.1924 
776,265.172363,-53.675152,16.7138 
777,265.173014,-53.675118,16.2373 
778,265.17444,-53.675056,16.4239 
779,265.176807,-53.675044,15.159 
780,265.17876,-53.674997,16.6292 
782,265.169919,-53.674965,12.1923 
784,265.176536,-53.674921,16.4644 
787,265.173126,-53.674854,16.7844 
788,265.176619,-53.67483,16.4055 
789,265.175204,-53.674828,16.7837 
790,265.174031,-53.674812,16.5597 
793,265.177377,-53.674767,16.2341 
795,265.17569,-53.674703,16.3307 
796,265.172951,-53.674703,16.16 
798,265.175834,-53.67468,14.5142 
800,265.169779,-53.674632,14.192 
801,265.176643,-53.674616,16.144 
802,265.174944,-53.674617,15.8666 
804,265.179291,-53.674567,16.2281 
805,265.172606,-53.674546,15.2033 
806,265.170361,-53.674545,16.6667 
807,265.176188,-53.674536,16.7776 
808,265.173373,-53.674517,16.742 
810,265.17636,-53.674506,16.3184 
812,265.176916,-53.67449,16.1755 
815,265.18182,-53.674438,15.6536 
816,265.177578,-53.67442,16.2573 
817,265.18265,-53.674416,16.6186 
823,265.180735,-53.674339,15.6767 
824,265.175793,-53.674335,16.0403 
825,265.175595,-53.674334,16.6193 
828,265.182206,-53.674321,16.4537 
829,265.177598,-53.674305,15.9794 
830,265.172702,-53.674297,16.592 
831,265.178209,-53.674282,16.7528 
833,265.180226,-53.674243,16.4475 
834,265.178526,-53.674214,16.6242 
835,265.173649,-53.674209,12.8672 
836,265.180759,-53.674196,16.5982 
837,265.18369,-53.674182,15.8561 
838,265.171208,-53.674181,16.4476 
840,265.185586,-53.674127,16.6131 
841,265.175249,-53.674128,14.2757 
842,265.173083,-53.674103,14.3763 
851,265.169237,-53.674024,16.4278 
853,265.181292,-53.673998,13.6092 
854,265.173862,-53.67398,16.5906 
856,265.179106,-53.673966,15.404 
857,265.176596,-53.673925,16.779 
858,265.187211,-53.673918,16.1255 
859,265.178752,-53.673895,15.946 
860,265.176453,-53.673867,15.8292 
861,265.173721,-53.673811,16.3032 
864,265.17264,-53.673782,16.2568 
865,265.17504,-53.673761,14.4846 
866,265.185804,-53.673732,15.8642 
868,265.171429,-53.673703,16.046 
874,265.171824,-53.673581,13.6996 
879,265.184794,-53.673502,16.5776 
881,265.177114,-53.67347,16.4759 
889,265.174101,-53.673326,13.2572 
890,265.173297,-53.673298,15.659 
891,265.172611,-53.673271,15.8184 
893,265.176956,-53.673224,16.3241 
896,265.175897,-53.673174,16.6096 
900,265.174675,-53.673128,14.4915 
907,265.17065,-53.672979,16.8 
908,265.176314,-53.672896,16.6293 
915,265.177008,-53.672732,15.6666 
917,265.171625,-53.672694,15.0448 
920,265.178613,-53.672648,16.207 
923,265.173272,-53.672464,13.7372 
927,265.178801,-53.672284,16.3932 
929,265.175781,-53.672276,15.1733 
930,265.170591,-53.672259,16.4419 
932,265.175547,-53.67225,16.6644 
934,265.176009,-53.672249,14.9117 
935,265.171566,-53.672231,14.2995 
936,265.176146,-53.672218,16.3893 
937,265.174929,-53.672215,16.6331 
938,265.184348,-53.672195,16.7038 
939,265.18097,-53.672149,-99.9999 
942,265.175783,-53.672108,21.4223 
943,265.184713,-53.672033,16.7917 
946,265.179603,-53.67195,16.1199 
953,265.179777,-53.671756,15.5592 
959,265.169158,-53.671467,15.7099 
963,265.168165,-53.671359,16.3798 
969,265.183378,-53.671261,14.9304 
971,265.180397,-53.671236,16.4524 
972,265.186033,-53.671226,16.5608 
974,265.173486,-53.671173,15.8893 
975,265.177086,-53.671168,16.4285 
976,265.176276,-53.671154,15.754 
980,265.182055,-53.671019,16.7336 
985,265.178472,-53.670949,16.1514 
987,265.177631,-53.670785,16.2635 
988,265.16961,-53.67077,16.7546 
991,265.175652,-53.670627,16.4977 
996,265.173303,-53.670577,28.115 
1000,265.16947,-53.670507,13.3448 
1003,265.177634,-53.670497,15.8935 
1007,265.171703,-53.670448,13.4389 
1008,265.170593,-53.670424,16.7785 
1011,265.181525,-53.670375,15.7808 
1012,265.17711,-53.670377,16.4772 
1013,265.171592,-53.67037,-99.9999 
1020,265.17392,-53.67012,16.4697 
1025,265.17927,-53.670051,15.1819 
1028,265.179436,-53.670007,15.7989 
1031,265.175344,-53.669959,16.3686 
1035,265.176927,-53.669934,13.5322 
1039,265.186125,-53.66985,16.2455 
1040,265.18217,-53.669839,14.8711 
1041,265.183021,-53.669777,-99.9999 
1048,265.181199,-53.6696,16.1268 
1050,265.184687,-53.669563,16.0442 
1053,265.169469,-53.669521,16.5057 
1062,265.183426,-53.669342,14.0273 
1063,265.175629,-53.669338,15.2419 
1065,265.179835,-53.669306,14.2623 
1069,265.170091,-53.669093,16.0151 
1072,265.177677,-53.669025,16.6288 
1075,265.175963,-53.668869,16.762 
1077,265.171345,-53.668798,16.3792 
1078,265.170501,-53.66876,-99.9999 
1084,265.183405,-53.668609,13.1899 
1086,265.179292,-53.668581,16.2505 
1091,265.180252,-53.668315,15.9469 
1093,265.179743,-53.668289,15.7783 
1098,265.180256,-53.668165,13.0702 
1107,265.178717,-53.667909,16.6927 
1110,265.1834,-53.667884,16.3888 
1114,265.171358,-53.667701,16.635 
1115,265.184102,-53.667689,16.0498 
1127,265.181515,-53.667328,16.6346 
1130,265.183516,-53.667175,16.2344 
1131,265.181727,-53.667174,16.64 
1140,265.180561,-53.666908,16.762 
1145,265.173226,-53.666822,15.6238 
1146,265.180583,-53.666771,15.8449 
1154,265.18112,-53.666528,16.4731 
1156,265.181013,-53.666421,15.8983 
1169,265.177167,-53.665876,16.654 
1172,265.176632,-53.665803,16.595 
8090,265.180542,-53.677222,17.9299 
8092,265.180209,-53.676626,17.9524 
8093,265.180069,-53.676467,18.5301 
8094,265.179744,-53.676512,16.9429 
8095,265.179658,-53.676913,19.0519 
8096,265.179623,-53.677427,16.6656 
8097,265.179348,-53.677124,18.313 
8098,265.179184,-53.677123,18.3269 
8099,265.178931,-53.676797,17.4578 
8101,265.179824,-53.676963,20.8398 
8102,265.1796,-53.676868,20.1277 
8104,265.179434,-53.676905,19.9151 
8105,265.179223,-53.676751,20.5693 
8109,265.183025,-53.676544,17.0365 
8112,265.182303,-53.676778,16.8465 
8113,265.181937,-53.677058,18.2035 
8115,265.181282,-53.676976,18.685 
8117,265.181052,-53.677042,18.1579 
8118,265.18297,-53.676703,20.1282 
8121,265.182766,-53.676808,22.4295 
8125,265.182579,-53.676836,19.484 
8126,265.182153,-53.676734,23.8834 
8131,265.181428,-53.676688,20.1127 
8156,265.174303,-53.676469,17.7992 
8161,265.173125,-53.676587,17.6894 
8167,265.174149,-53.676456,21.2969 
8168,265.174005,-53.677047,22.1501 
8183,265.178481,-53.67665,16.8132 
8184,265.178099,-53.676794,18.4543 
8185,265.177737,-53.677127,17.6843 
8186,265.177623,-53.677489,17.3485 
8187,265.177348,-53.677331,18.4052 
8188,265.177132,-53.676462,17.0689 
8189,265.176855,-53.676759,17.6544 
8191,265.176666,-53.677335,18.1285 
8194,265.178507,-53.677393,22.6955 
8196,265.178126,-53.677187,19.9977 
8198,265.177702,-53.677007,20.6545 
8199,265.177617,-53.677118,22.8986 
8200,265.177332,-53.677263,21.0874 
8217,265.176527,-53.677268,17.12 
8218,265.1765,-53.677509,17.8451 
8220,265.175913,-53.676963,17.754 
8225,265.176215,-53.676582,19.8948 
8227,265.175952,-53.676811,17.8243 
8228,265.175888,-53.676878,19.0928 
8229,265.175881,-53.676811,17.6972 
8231,265.175225,-53.677138,22.1991 
8232,265.175094,-53.67717,20.293 
8233,265.175015,-53.677234,19.2005 
8483,265.18575,-53.675375,18.0036 
8484,265.185505,-53.675616,17.5718 
8658,265.183114,-53.676404,18.3484 
8659,265.183044,-53.676194,19.2094 
8660,265.182966,-53.67556,17.7611 
8661,265.182895,-53.676422,24.9952 
8662,265.182836,-53.675215,18.772 
8663,265.182546,-53.675426,18.7606 
8664,265.18143,-53.675974,17.8666 
8665,265.181398,-53.675313,17.4252 
8666,265.181076,-53.675607,26.3052 
8668,265.18302,-53.675217,19.5198 
8669,265.182968,-53.67597,20.6658 
8670,265.182515,-53.676072,21.4655 
8671,265.182447,-53.675592,23.0168 
8672,265.182348,-53.67643,19.9012 
8673,265.182158,-53.675936,22.2169 
8674,265.182056,-53.676059,20.5987 
8675,265.181898,-53.675242,20.0292 
8676,265.181744,-53.675673,21.6656 
8677,265.181545,-53.675817,19.4777 
8678,265.181462,-53.675587,20.284 
8679,265.181454,-53.675262,19.3996 
8680,265.181286,-53.675563,19.7645 
8681,265.181159,-53.675745,19.4793 
8683,265.181087,-53.67531,19.2078 
8712,265.180847,-53.675736,18.2119 
8713,265.180543,-53.675559,19.5668 
8714,265.180207,-53.675824,18.394 
8715,265.180178,-53.67627,16.9261 
8716,265.180012,-53.676219,17.1704 
8717,265.180022,-53.676131,18.0591 
8718,265.179785,-53.67515,17.9269 
8719,265.179494,-53.676302,19.3889 
8720,265.179395,-53.676435,18.4874 
8721,265.17932,-53.675486,17.8793 
8722,265.179241,-53.676264,19.0097 
8723,265.179214,-53.675618,17.5678 
8724,265.178865,-53.676146,17.4918 
8725,265.180263,-53.676317,19.543 
8727,265.179741,-53.675314,23.742 
8728,265.178569,-53.675925,18.8151 
8729,265.178426,-53.675777,18.6875 
8730,265.178158,-53.675146,19.3442 
8731,265.17798,-53.675154,18.8502 
8732,265.177643,-53.675738,17.2846 
8733,265.177545,-53.675401,17.2392 
8734,265.177412,-53.6758,18.9465 
8735,265.177358,-53.675394,19.3111 
8736,265.177247,-53.676402,17.087 
8737,265.177176,-53.675822,18.0947 
8738,265.177131,-53.675747,17.4127 
8739,265.176962,-53.676136,18.1291 
8740,265.176744,-53.675242,17.7075 
8741,265.176699,-53.675891,18.0732 
8742,265.176638,-53.676006,17.8296 
8743,265.178507,-53.675785,19.9305 
8745,265.178206,-53.675556,21.6821 
8746,265.178195,-53.6759,19.8103 
8748,265.177599,-53.675443,18.654 
8749,265.177481,-53.675934,21.558 
8763,265.174357,-53.676324,18.4692 
8764,265.174273,-53.675483,18.0605 
8765,265.174268,-53.675742,18.0614 
8766,265.174246,-53.675584,17.7177 
8767,265.174134,-53.676099,18.2649 
8768,265.173628,-53.676375,17.6763 
8769,265.173615,-53.675397,17.9614 
8770,265.172945,-53.675834,17.9868 
8771,265.172857,-53.675687,18.2549 
8772,265.172787,-53.675929,18.0165 
8773,265.172689,-53.675515,18.2781 
8774,265.172676,-53.675778,18.1061 
8775,265.174273,-53.675993,22.9435 
8776,265.174246,-53.675325,17.6888 
8777,265.174013,-53.675536,19.9835 
8780,265.172691,-53.675429,20.258 
8781,265.172637,-53.676385,17.2148 
8782,265.172597,-53.675938,18.8875 
8783,265.172488,-53.675525,17.4209 
8784,265.172434,-53.676438,20.6509 
8785,265.172234,-53.676449,23.0901 
8786,265.172236,-53.675928,20.3117 
8787,265.172666,-53.676353,18.1187 
8788,265.172396,-53.675487,23.352 
8805,265.176571,-53.675274,17.6041 
8806,265.176499,-53.675832,17.9567 
8807,265.176476,-53.676409,16.9077 
8808,265.176409,-53.676066,18.5529 
8809,265.176364,-53.676015,18.4555 
8810,265.176167,-53.67549,19.3411 
8811,265.176085,-53.67641,17.8723 
8812,265.176046,-53.675962,17.9073 
8813,265.175971,-53.675218,17.3088 
8814,265.175945,-53.676013,18.2788 
8815,265.175825,-53.675802,17.8727 
8816,265.17582,-53.676102,17.1704 
8817,265.175644,-53.675642,17.6283 
8818,265.175432,-53.675611,18.3764 
8819,265.175198,-53.675636,17.0635 
8820,265.175097,-53.675225,18.6789 
8821,265.174619,-53.675525,17.0405 
8822,265.176529,-53.675286,19.8935 
8824,265.176123,-53.67619,20.2815 
8825,265.175676,-53.675583,19.3098 
8826,265.175493,-53.67533,24.5744 
8827,265.175296,-53.676237,19.3704 
8828,265.175231,-53.676131,20.3394 
8829,265.175181,-53.67593,22.0588 
8833,265.184787,-53.675394,18.2488 
8834,265.184281,-53.676285,17.4148 
8835,265.184038,-53.675978,18.0834 
8836,265.183785,-53.675157,17.6447 
8837,265.183525,-53.675749,17.1024 
8838,265.183324,-53.675912,18.6254 
8840,265.184935,-53.675723,21.1048 
8841,265.184422,-53.675542,19.5722 
8842,265.183721,-53.676277,22.0517 
8844,265.172063,-53.675956,18.8401 
8845,265.171817,-53.676029,17.4348 
8846,265.171665,-53.675829,16.8824 
8848,265.171235,-53.675964,17.9094 
8850,265.172102,-53.675348,19.3434 
8851,265.171912,-53.675628,19.066 
8853,265.171706,-53.675669,18.8757 
8854,265.171583,-53.675726,16.9981 
8855,265.171456,-53.675815,19.2442 
8856,265.171451,-53.675919,21.367 
8857,265.171074,-53.675483,21.3728 
8865,265.170461,-53.675496,21.9933 
8868,265.171821,-53.675559,22.1345 
8870,265.170722,-53.675246,24.1045 
9079,265.18621,-53.674958,19.0933 
9080,265.185932,-53.674143,18.6013 
9082,265.186541,-53.67431,19.3878 
9083,265.18625,-53.674648,20.751 
9084,265.186059,-53.674292,20.4027 
9085,265.185964,-53.673909,22.3262 
9086,265.185627,-53.674743,21.6082 
9204,265.185463,-53.674298,19.0369 
9205,265.184615,-53.673881,18.0589 
9206,265.18421,-53.674763,18.6669 
9207,265.183783,-53.674865,17.1888 
9208,265.185378,-53.674309,19.9429 
9209,265.185111,-53.674309,19.8267 
9210,265.184243,-53.674415,21.9861 
9211,265.183967,-53.674653,22.5704 
9212,265.183962,-53.674368,19.4349 
9213,265.183559,-53.67496,20.1802 
9214,265.185404,-53.674351,21.1714 
9221,265.169769,-53.674057,17.8185 
9223,265.169556,-53.674028,18.3215 
9224,265.169489,-53.674328,16.8607 
9227,265.168908,-53.674027,18.0641 
9230,265.169805,-53.674515,20.2321 
9231,265.169781,-53.674759,19.5425 
9233,265.169333,-53.674622,19.5549 
9234,265.169209,-53.674417,21.6663 
9244,265.180931,-53.675096,18.7831 
9245,265.180609,-53.67448,18.4551 
9246,265.18044,-53.674734,17.8573 
9247,265.180189,-53.674038,17.9938 
9248,265.180188,-53.67394,17.8676 
9249,265.180102,-53.674705,19.0482 
9250,265.179824,-53.674198,18.0092 
9251,265.179789,-53.674251,17.5732 
9252,265.17943,-53.674646,17.1684 
9253,265.179399,-53.674389,17.8881 
9254,265.179358,-53.674015,17.3324 
9255,265.179129,-53.674237,18.8236 
9256,265.179033,-53.674931,17.1047 
9257,265.178844,-53.674865,16.8415 
9258,265.180835,-53.674549,19.1932 
9259,265.180632,-53.675117,23.3921 
9261,265.180111,-53.674736,21.0645 
9262,265.179698,-53.674908,21.2546 
9263,265.179665,-53.674152,20.4555 
9264,265.179053,-53.674323,20.6191 
9265,265.178848,-53.673984,21.8063 
9267,265.182866,-53.674131,17.4629 
9268,265.182652,-53.67509,17.8464 
9269,265.182528,-53.674835,16.8285 
9270,265.182342,-53.675061,17.3785 
9271,265.182026,-53.673895,17.0657 
9272,265.181895,-53.675023,18.9497 
9273,265.18186,-53.674483,18.3215 
9274,265.181837,-53.67472,18.9524 
9275,265.181755,-53.675118,17.6566 
9276,265.181467,-53.674797,17.3719 
9277,265.181049,-53.674891,18.4884 
9278,265.183177,-53.6739,22.2445 
9279,265.182498,-53.67406,21.1003 
9280,265.182479,-53.674969,20.4893 
9281,265.182159,-53.67417,21.9191 
9282,265.182157,-53.674023,19.8099 
9283,265.182008,-53.674682,23.5127 
9284,265.181936,-53.674864,19.9539 
9285,265.181764,-53.674162,19.6019 
9286,265.18166,-53.673993,21.2238 
9287,265.181092,-53.674076,23.6288 
9290,265.171336,-53.674376,19.5159 
9291,265.171215,-53.673838,18.672 
9292,265.172143,-53.674986,18.9247 
9293,265.171992,-53.67384,19.1705 
9294,265.171905,-53.674077,20.7326 
9295,265.171878,-53.674515,21.9681 
9296,265.171866,-53.674829,18.905 
9297,265.171773,-53.675029,18.192 
9299,265.171658,-53.674343,18.9987 
9301,265.171202,-53.674277,20.1517 
9302,265.170978,-53.673983,20.8885 
9304,265.170794,-53.674991,22.5038 
9306,265.170481,-53.675018,21.4247 
9307,265.170374,-53.67428,22.1663 
9308,265.170296,-53.674036,19.6188 
9309,265.17029,-53.673875,20.2659 
9310,265.170108,-53.674692,20.1237 
9311,265.172102,-53.674878,25.2132 
9312,265.171318,-53.674369,20.9307 
9344,265.178731,-53.674053,17.6817 
9345,265.178677,-53.674479,19.2788 
9346,265.178669,-53.674215,17.2793 
9347,265.178655,-53.674794,17.5019 
9348,265.178301,-53.67404,16.9794 
9349,265.17812,-53.674534,17.2549 
9350,265.178095,-53.673999,16.9366 
9351,265.177996,-53.674262,17.5036 
9352,265.177927,-53.674739,17.5187 
9353,265.17789,-53.674677,18.3543 
9354,265.177712,-53.675072,17.1438 
9355,265.177662,-53.674609,18.1469 
9356,265.17727,-53.674994,17.4378 
9357,265.177247,-53.674637,16.9242 
9358,265.177157,-53.674831,17.4648 
9359,265.177116,-53.674451,16.8034 
9360,265.176994,-53.675042,16.9224 
9361,265.178717,-53.674658,19.7762 
9363,265.178518,-53.673938,21.3891 
9364,265.178326,-53.673897,19.4066 
9366,265.178197,-53.675095,20.6598 
9367,265.178059,-53.674429,20.2661 
9368,265.17767,-53.674685,20.8695 
9369,265.177593,-53.674074,22.7348 
9370,265.177032,-53.674246,23.0698 
9371,265.177013,-53.674959,20.0122 
9372,265.176847,-53.674006,22.9935 
9373,265.174358,-53.674763,19.5933 
9374,265.174328,-53.674985,20.0874 
9375,265.174224,-53.674424,17.5412 
9376,265.173876,-53.674643,20.7728 
9377,265.173855,-53.674509,17.7762 
9378,265.173811,-53.674806,21.3269 
9379,265.173723,-53.674952,16.8548 
9380,265.173673,-53.674857,19.7482 
9383,265.173191,-53.67467,19.1667 
9384,265.17306,-53.675119,16.6948 
9385,265.17304,-53.67494,19.1614 
9386,265.172873,-53.674791,17.5321 
9387,265.172731,-53.675007,21.0241 
9388,265.172702,-53.673921,19.8835 
9389,265.172683,-53.674593,17.4376 
9390,265.17264,-53.674828,20.3496 
9392,265.172379,-53.674802,22.9038 
9393,265.172264,-53.674845,19.3066 
9394,265.174314,-53.673972,23.1467 
9396,265.174097,-53.674634,22.3664 
9403,265.172839,-53.674808,17.9229 
9405,265.172369,-53.67502,24.2328 
9406,265.174164,-53.674696,22.5478 
9407,265.176464,-53.674741,17.0086 
9408,265.176472,-53.674411,18.5919 
9409,265.176144,-53.674441,18.1055 
9410,265.176097,-53.674697,18.0151 
9411,265.175753,-53.675023,18.7294 
9412,265.174649,-53.674911,17.8815 
9413,265.176453,-53.674028,17.3472 
9414,265.17643,-53.674124,19.6503 
9415,265.176365,-53.673903,19.7706 
9416,265.176317,-53.674716,18.9326 
9417,265.17613,-53.673995,18.2478 
9418,265.175886,-53.673834,18.3646 
9419,265.175787,-53.674246,20.9504 
9420,265.175725,-53.673928,17.0281 
9421,265.175586,-53.674112,19.1363 
9422,265.175533,-53.674056,17.2622 
9423,265.175362,-53.674247,19.5997 
9424,265.175332,-53.674192,17.8978 
9425,265.175196,-53.674596,18.1338 
9426,265.175172,-53.674722,20.4048 
9427,265.17507,-53.674874,19.3354 
9428,265.175054,-53.674031,21.384 
9429,265.17495,-53.674461,21.9211 
9430,265.174938,-53.674093,17.3704 
9431,265.174876,-53.674782,22.6559 
9432,265.174839,-53.673943,17.8734 
9433,265.174651,-53.674029,18.1601 
9434,265.174558,-53.674509,24.7512 
9435,265.174438,-53.674854,21.4933 
9436,265.175202,-53.674168,17.7148 
9437,265.175139,-53.674623,19.3714 
9438,265.175101,-53.67385,23.8569 
9632,265.18483,-53.672548,17.0508 
9633,265.184551,-53.672596,17.8656 
9634,265.183541,-53.673046,18.513 
9635,265.183392,-53.673618,18.6941 
9636,265.185363,-53.672814,21.6873 
9637,265.184933,-53.673189,21.7043 
9639,265.184637,-53.673508,21.7539 
9640,265.184443,-53.673557,20.4414 
9641,265.183762,-53.673742,22.7589 
9717,265.187337,-53.672989,17.8378 
9718,265.187019,-53.673644,18.3818 
9719,265.186328,-53.673137,17.6034 
9720,265.186129,-53.673506,17.0502 
9721,265.185817,-53.673021,17.9157 
9722,265.185678,-53.672864,18.7073 
9723,265.187697,-53.673271,21.305 
9724,265.186996,-53.672534,22.0935 
9727,265.186425,-53.673568,20.603 
9728,265.186404,-53.673057,19.7293 
9731,265.185822,-53.673295,19.6058 
9732,265.185781,-53.672792,19.707 
9734,265.185793,-53.672821,22.8127 
9785,265.177492,-53.6728,17.8733 
9786,265.178718,-53.672835,18.8983 
9787,265.178658,-53.673139,17.0759 
9788,265.178542,-53.673272,16.9125 
9789,265.178272,-53.672923,17.5651 
9790,265.178167,-53.673606,18.0927 
9791,265.178141,-53.673378,21.3314 
9792,265.178082,-53.672764,17.2192 
9793,265.17802,-53.672955,19.0788 
9794,265.177951,-53.67276,20.1478 
9795,265.177841,-53.673034,21.5213 
9796,265.177661,-53.673535,19.1474 
9797,265.177633,-53.672846,21.4822 
9798,265.177381,-53.673211,17.723 
9799,265.177247,-53.672629,19.0971 
9800,265.177226,-53.673176,18.8192 
9801,265.177248,-53.673182,19.9497 
9802,265.177174,-53.672715,19.7106 
9803,265.176981,-53.673433,18.8046 
9804,265.176944,-53.673611,21.6567 
9806,265.176837,-53.673259,20.0022 
9808,265.176804,-53.673449,18.7744 
9809,265.176711,-53.673356,20.9586 
9810,265.176623,-53.67316,18.1114 
9812,265.177367,-53.673801,24.6511 
9813,265.177174,-53.673194,18.8612 
9833,265.172114,-53.673744,18.9539 
9834,265.171951,-53.672992,18.4308 
9835,265.171545,-53.672581,18.3931 
9836,265.170992,-53.672666,17.8834 
9837,265.170914,-53.673812,18.9838 
9838,265.170783,-53.673393,18.4988 
9839,265.170664,-53.673287,16.8977 
9840,265.17062,-53.673708,17.3487 
9841,265.170285,-53.672687,16.889 
9842,265.170108,-53.672897,19.0631 
9843,265.170026,-53.67368,17.2691 
9844,265.17211,-53.673756,19.712 
9845,265.172019,-53.672807,20.7781 
9847,265.171724,-53.673801,19.4917 
9848,265.171311,-53.672994,20.7466 
9850,265.170739,-53.673484,19.7418 
9852,265.169959,-53.673387,19.1264 
9854,265.170111,-53.672908,20.6246 
9855,265.169979,-53.673363,20.3333 
9856,265.183217,-53.672801,18.5383 
9857,265.183153,-53.673241,18.1562 
9858,265.181842,-53.67313,17.5771 
9859,265.181807,-53.672622,16.9296 
9860,265.181656,-53.673301,17.6741 
9861,265.181641,-53.672563,18.4743 
9862,265.181611,-53.67338,16.8201 
9863,265.183159,-53.672536,20.1546 
9864,265.183095,-53.673767,19.3022 
9865,265.183075,-53.673197,19.2998 
9867,265.182446,-53.673027,20.3453 
9868,265.182356,-53.673797,19.5832 
9869,265.182316,-53.673307,19.018 
9871,265.181901,-53.67332,19.3999 
9872,265.181858,-53.673615,20.0217 
9873,265.181319,-53.673006,23.9116 
9875,265.181897,-53.673779,23.5011 
9876,265.169527,-53.673327,19.3136 
9877,265.169414,-53.672726,18.5874 
9878,265.169224,-53.673714,17.6832 
9879,265.169156,-53.672815,17.5065 
9880,265.168979,-53.672999,18.3658 
9881,265.168969,-53.673105,18.0173 
9886,265.169203,-53.672512,19.5903 
9887,265.169032,-53.67325,19.7818 
9888,265.168788,-53.673137,22.7272 
9891,265.169536,-53.67334,22.0854 
9893,265.169516,-53.673487,24.8404 
9917,265.180524,-53.673511,18.3752 
9918,265.179069,-53.673515,-99.9999 
9920,265.180875,-53.672775,21.5505 
9921,265.180741,-53.672954,20.974 
9924,265.180096,-53.673056,20.8269 
9925,265.179962,-53.673409,19.0134 
9926,265.17983,-53.672618,20.004 
9927,265.17971,-53.67306,17.5609 
9928,265.179655,-53.673473,20.4042 
9929,265.179589,-53.672945,18.1676 
9930,265.179503,-53.67353,19.1199 
9931,265.179161,-53.673672,19.6203 
9932,265.179072,-53.673741,23.165 
9933,265.179576,-53.67282,-99.9999 
9937,265.17652,-53.672891,18.1678 
9938,265.175709,-53.673379,17.1845 
9939,265.175634,-53.672871,17.4681 
9940,265.175625,-53.673045,18.7283 
9941,265.175183,-53.673502,18.4488 
9942,265.17471,-53.672818,17.6212 
9943,265.174584,-53.673552,17.1392 
9944,265.176453,-53.672754,20.417 
9945,265.176434,-53.67378,17.4952 
9946,265.176308,-53.673493,18.7428 
9947,265.176218,-53.673408,17.4805 
9948,265.175959,-53.673597,18.4739 
9949,265.175826,-53.673013,19.3724 
9950,265.175825,-53.673393,18.5532 
9951,265.175754,-53.67318,22.0301 
9953,265.175574,-53.673761,17.4614 
9954,265.175552,-53.673609,18.5818 
9955,265.175406,-53.672922,20.8496 
9956,265.175387,-53.673001,20.5779 
9957,265.175338,-53.672846,21.7371 
9958,265.175284,-53.67314,19.7926 
9959,265.174731,-53.673577,20.5336 
9960,265.174581,-53.673381,21.9961 
9962,265.175885,-53.673366,22.0553 
9964,265.173396,-53.673069,17.2251 
9965,265.17339,-53.673762,18.5124 
9966,265.173313,-53.673628,17.6852 
9967,265.173309,-53.67351,-99.9999 
9968,265.173193,-53.673651,17.2711 
9969,265.172972,-53.673788,17.7867 
9970,265.172955,-53.673372,17.9807 
9971,265.172928,-53.672852,17.3117 
9972,265.172858,-53.673512,17.9752 
9973,265.172855,-53.672923,17.4124 
9974,265.172821,-53.67314,17.5164 
9975,265.172505,-53.673343,18.4701 
9976,265.172456,-53.67302,17.4001 
9977,265.174343,-53.673044,19.2212 
9978,265.174331,-53.673263,19.533 
9979,265.174331,-53.672684,20.4273 
9980,265.174264,-53.673322,19.1537 
9981,265.174247,-53.673591,21.7207 
9984,265.173801,-53.673362,19.1817 
9985,265.173608,-53.672531,20.0164 
9986,265.173593,-53.672832,20.8806 
9987,265.17352,-53.673301,22.4666 
9988,265.173286,-53.673265,17.463 
9991,265.172842,-53.673202,20.3795 
9993,265.172496,-53.672541,23.8698 
10288,265.188019,-53.672312,19.1417 
10295,265.188077,-53.671233,20.7983 
10296,265.187882,-53.672255,23.5733 
10297,265.187849,-53.671878,19.482 
10354,265.172092,-53.672318,18.7065 
10355,265.1717,-53.67246,17.5465 
10356,265.171688,-53.671586,17.5911 
10357,265.171534,-53.671894,17.6082 
10358,265.171321,-53.672435,17.0259 
10359,265.171226,-53.671255,18.1143 
10360,265.170685,-53.671924,17.6345 
10361,265.170627,-53.672016,18.4761 
10362,265.170307,-53.671521,18.1222 
10363,265.169978,-53.67243,18.1393 
10364,265.169945,-53.671973,18.9678 
10365,265.171933,-53.671852,20.416 
10366,265.171559,-53.671192,21.8977 
10368,265.171419,-53.671497,22.6051 
10369,265.17129,-53.671573,18.7467 
10370,265.171258,-53.671993,20.8612 
10371,265.170577,-53.671658,19.8626 
10372,265.170441,-53.671781,19.5103 
10373,265.169946,-53.671525,21.8974 
10375,265.186386,-53.671458,16.9118 
10376,265.186088,-53.672174,18.7079 
10377,265.187559,-53.672434,23.6552 
10378,265.187542,-53.671229,20.204 
10380,265.186797,-53.672433,19.7761 
10381,265.186628,-53.672337,19.043 
10383,265.186116,-53.671836,21.8322 
10385,265.185982,-53.671723,19.78 
10386,265.185762,-53.671366,20.1812 
10387,265.185134,-53.671405,18.2314 
10388,265.184378,-53.672329,17.475 
10389,265.184356,-53.671883,18.3343 
10390,265.1839,-53.672167,18.1184 
10391,265.185,-53.671446,18.5786 
10392,265.184957,-53.67135,18.0944 
10393,265.184515,-53.67227,20.1453 
10394,265.184478,-53.671678,23.115 
10395,265.183631,-53.672494,21.0232 
10396,265.18346,-53.671796,18.1588 
10398,265.182992,-53.672408,18.3831 
10399,265.18149,-53.671432,17.4045 
10400,265.181453,-53.671257,17.9034 
10401,265.182858,-53.672402,21.7375 
10403,265.182558,-53.671957,17.6613 
10404,265.18231,-53.671535,18.1768 
10406,265.181951,-53.671601,18.9065 
10407,265.181891,-53.671776,16.8548 
10408,265.181482,-53.671741,19.2018 
10409,265.181445,-53.671484,18.5409 
10410,265.181074,-53.672485,22.0933 
10411,265.182769,-53.671349,24.4159 
10412,265.182384,-53.671613,23.5331 
10414,265.169758,-53.672246,17.5055 
10415,265.16947,-53.672295,19.0683 
10416,265.169422,-53.67161,18.9832 
10417,265.169141,-53.671376,17.8406 
10418,265.169036,-53.672097,18.1269 
10419,265.168841,-53.671283,18.0536 
10420,265.168815,-53.672052,17.1978 
10421,265.168685,-53.672458,18.5783 
10422,265.168369,-53.671339,17.508 
10423,265.168115,-53.671646,18.3096 
10426,265.169763,-53.67161,19.5596 
10427,265.169693,-53.672365,20.148 
10428,265.169502,-53.671252,22.8427 
10430,265.169491,-53.672457,19.9062 
10433,265.16861,-53.671549,22.0838 
10449,265.180036,-53.671785,18.7281 
10450,265.17997,-53.672001,17.4189 
10451,265.179401,-53.672092,17.7444 
10452,265.179007,-53.672028,17.1712 
10453,265.180892,-53.671755,17.6715 
10454,265.180612,-53.672141,18.1743 
10455,265.180494,-53.671366,19.5214 
10456,265.180394,-53.67164,19.9523 
10457,265.180305,-53.672221,19.2553 
10458,265.180226,-53.672109,16.9176 
10459,265.180023,-53.672348,17.1785 
10460,265.179825,-53.672225,17.5751 
10462,265.179347,-53.672377,21.6832 
10463,265.179098,-53.671773,19.6945 
10464,265.181011,-53.672248,21.7467 
10465,265.174265,-53.672352,17.3148 
10466,265.174248,-53.671253,18.5814 
10467,265.174185,-53.672295,17.7632 
10468,265.173497,-53.67228,18.3096 
10469,265.173363,-53.672105,18.075 
10470,265.173336,-53.672231,18.6878 
10471,265.174196,-53.672128,20.0795 
10472,265.173899,-53.672401,19.6684 
10473,265.173139,-53.671913,19.8987 
10474,265.172472,-53.67221,21.8347 
10475,265.173955,-53.672382,21.0067 
10478,265.172628,-53.671842,23.8096 
10480,265.172379,-53.672046,25.1887 
10481,265.176433,-53.671224,17.4521 
10483,265.176396,-53.672074,17.6518 
10484,265.176247,-53.671618,17.8464 
10485,265.176242,-53.672122,18.5785 
10486,265.176106,-53.672365,18.387 
10487,265.175944,-53.672329,19.046 
10488,265.175578,-53.671352,17.4242 
10489,265.174808,-53.671624,18.4093 
10490,265.17458,-53.672465,16.9085 
10491,265.176456,-53.672259,18.8821 
10493,265.176319,-53.67154,21.6059 
10494,265.176075,-53.671551,22.3092 
10496,265.175731,-53.671401,20.562 
10497,265.175512,-53.672222,19.7391 
10498,265.175447,-53.672012,20.5181 
10499,265.175429,-53.672452,19.5589 
10500,265.175275,-53.671426,22.2247 
10501,265.175258,-53.672306,20.2862 
10502,265.175174,-53.671455,21.2891 
10503,265.17496,-53.671999,21.4699 
10504,265.174856,-53.672106,20.4754 
10505,265.174759,-53.671251,21.4292 
10506,265.174528,-53.672102,19.7378 
10508,265.178682,-53.671356,17.9175 
10509,265.178516,-53.67244,18.6253 
10510,265.178356,-53.672278,18.7588 
10511,265.17792,-53.671863,17.2968 
10512,265.177849,-53.671987,17.6941 
10513,265.177409,-53.672015,27.3054 
10514,265.177284,-53.671305,18.3653 
10515,265.176864,-53.671823,17.8603 
10516,265.178657,-53.671336,19.4237 
10517,265.178644,-53.672478,19.0593 
10518,265.17863,-53.671628,20.0919 
10520,265.178505,-53.671794,19.551 
10521,265.177754,-53.672107,19.563 
10522,265.177619,-53.671601,19.5313 
10523,265.177577,-53.672067,18.7759 
10524,265.177372,-53.67152,22.6254 
10525,265.177097,-53.671644,17.3159 
10527,265.17705,-53.671672,17.3428 
10828,265.169807,-53.670287,18.745 
10829,265.169724,-53.670998,18.7512 
10830,265.169518,-53.670667,18.4022 
10831,265.169146,-53.669974,18.2541 
10832,265.168561,-53.669946,19.388 
10833,265.168445,-53.670622,18.8878 
10836,265.169404,-53.670834,22.8702 
10837,265.168977,-53.670638,21.256 
10838,265.168891,-53.670729,19.9019 
10839,265.168854,-53.671087,20.2922 
10840,265.16867,-53.670961,21.2506 
10841,265.168137,-53.670855,21.9247 
10842,265.168105,-53.670731,20.111 
10844,265.168465,-53.670871,23.433 
10851,265.174164,-53.670807,18.7906 
10852,265.174054,-53.670883,17.7562 
10853,265.1736,-53.670218,18.7898 
10854,265.173485,-53.670093,18.8237 
10855,265.173086,-53.670799,18.0651 
10856,265.172426,-53.670933,17.2964 
10857,265.174365,-53.670243,20.6226 
10858,265.174041,-53.671058,20.1866 
10860,265.173883,-53.670841,19.7104 
10861,265.173589,-53.670338,20.1263 
10862,265.172966,-53.67019,19.3886 
10863,265.17288,-53.669917,21.9597 
10864,265.172639,-53.67009,20.8813 
10865,265.172378,-53.670352,20.7928 
10867,265.172326,-53.670523,21.9438 
10870,265.172178,-53.671077,19.5329 
10871,265.187683,-53.670249,23.746 
10872,265.187311,-53.671116,19.4536 
10873,265.187064,-53.670581,18.6888 
10874,265.187015,-53.670027,17.6614 
10875,265.186563,-53.670715,19.2876 
10877,265.186482,-53.671155,23.5855 
10878,265.1864,-53.670244,18.9687 
10879,265.186286,-53.671117,20.4482 
10880,265.186164,-53.670053,22.2459 
10882,265.185604,-53.67095,19.1238 
10883,265.176576,-53.670598,17.5213 
10884,265.176336,-53.669969,17.9625 
10886,265.175801,-53.670713,17.9755 
10887,265.175333,-53.6704,18.5336 
10888,265.174636,-53.670127,18.9984 
10889,265.176485,-53.670577,20.4084 
10890,265.176043,-53.671036,19.3873 
10891,265.175898,-53.670604,19.2857 
10892,265.175144,-53.6706,20.5457 
10893,265.1751,-53.669909,21.8585 
10896,265.174994,-53.670606,21.0987 
10900,265.172075,-53.670768,17.2441 
10901,265.171651,-53.670695,17.9315 
10902,265.171592,-53.669996,17.3607 
10903,265.171532,-53.670987,17.5574 
10904,265.170458,-53.670064,17.934 
10905,265.172007,-53.669978,18.9055 
10906,265.171593,-53.670183,21.374 
10907,265.171488,-53.669874,19.8773 
10908,265.171009,-53.670471,20.0604 
10909,265.170709,-53.670642,20.0943 
10910,265.170206,-53.670899,19.8304 
10911,265.1702,-53.670323,19.0246 
10912,265.170984,-53.670386,24.599 
10915,265.171009,-53.6707,23.1722 
10916,265.17063,-53.670121,24.1903 
10925,265.1832,-53.670429,17.024 
10926,265.182423,-53.67108,17.2367 
10927,265.182424,-53.670915,18.5817 
10928,265.182127,-53.670997,18.0092 
10929,265.181735,-53.670427,17.0183 
10930,265.181336,-53.670068,16.9076 
10933,265.182603,-53.670288,19.9181 
10936,265.18177,-53.67004,19.5442 
10938,265.18118,-53.670625,21.7699 
10939,265.18107,-53.670349,23.0235 
10940,265.185487,-53.670414,18.7759 
10941,265.185413,-53.671103,19.3232 
10943,265.184757,-53.66987,19.9456 
10945,265.184607,-53.671032,21.1936 
10947,265.184322,-53.670564,20.4873 
10948,265.184197,-53.671096,23.5651 
10949,265.184208,-53.671084,25.1337 
10950,265.184156,-53.670519,21.4046 
10952,265.183633,-53.669911,19.6157 
10954,265.184061,-53.669957,23.8178 
10956,265.183352,-53.670976,24.7238 
10957,265.181027,-53.671018,17.5649 
10958,265.180981,-53.670757,16.8437 
10959,265.180909,-53.671073,18.0002 
10960,265.180314,-53.670139,18.6707 
10961,265.180306,-53.670479,18.0246 
10962,265.180257,-53.670597,17.3504 
10963,265.180005,-53.670153,17.9354 
10964,265.179737,-53.670933,18.6299 
10965,265.179535,-53.671001,18.6829 
10966,265.179234,-53.670772,17.6099 
10967,265.179001,-53.670429,18.8517 
10968,265.178827,-53.670654,17.1747 
10969,265.17882,-53.669902,17.3669 
10970,265.181022,-53.669988,21.1216 
10971,265.179986,-53.670352,22.5993 
10973,265.17995,-53.670564,21.2728 
10974,265.179813,-53.67078,19.6976 
10975,265.179549,-53.670897,20.5772 
10976,265.179196,-53.670323,19.3957 
10978,265.180047,-53.670377,22.6536 
10981,265.178626,-53.670936,17.4984 
10982,265.177991,-53.670931,16.8194 
10983,265.177837,-53.669963,18.1556 
10984,265.177637,-53.670711,17.6896 
10985,265.176858,-53.670727,17.4247 
10987,265.178629,-53.670419,22.9326 
10988,265.178207,-53.67001,23.2867 
10990,265.177991,-53.670484,22.4426 
10994,265.177308,-53.671168,20.0493 
10995,265.176894,-53.670273,19.885 
11175,265.176463,-53.669138,17.4416 
11176,265.176319,-53.669118,18.6576 
11177,265.176122,-53.669409,17.635 
11178,265.175757,-53.669703,19.5269 
11179,265.175245,-53.669178,16.8807 
11180,265.175119,-53.668677,18.433 
11181,265.175027,-53.668625,25.8357 
11182,265.174964,-53.669459,17.1935 
11184,265.176086,-53.669211,23.2091 
11185,265.17607,-53.668835,20.4534 
11186,265.175956,-53.669452,19.6542 
11187,265.175481,-53.66941,19.9584 
11189,265.175321,-53.668862,19.4017 
11190,265.175002,-53.66956,21.6254 
11192,265.174444,-53.668934,18.7652 
11194,265.175234,-53.669834,27.388 
11324,265.171485,-53.66857,18.1852 
11325,265.171193,-53.669008,17.862 
11326,265.170473,-53.66935,18.2628 
11327,265.170063,-53.668606,18.8623 
11328,265.170008,-53.669263,18.3336 
11329,265.170982,-53.669497,19.7706 
11330,265.170948,-53.668568,23.1445 
11331,265.170673,-53.669339,20.108 
11334,265.170052,-53.669374,25.1604 
11338,265.16953,-53.669447,17.9194 
11339,265.169501,-53.668795,17.3719 
11340,265.169328,-53.669405,18.4265 
11341,265.168862,-53.669792,17.5515 
11344,265.169183,-53.66963,20.9959 
11345,265.169041,-53.669841,21.378 
11349,265.173591,-53.668619,18.4649 
11350,265.173431,-53.669415,19.4304 
11351,265.173213,-53.668691,16.9819 
11352,265.17276,-53.669586,19.4632 
11353,265.172204,-53.669235,17.278 
11354,265.17217,-53.66907,17.0201 
11355,265.174209,-53.669312,23.1144 
11356,265.174046,-53.669192,20.5203 
11357,265.173678,-53.66973,20.6095 
11358,265.173609,-53.668792,19.9662 
11360,265.172985,-53.668624,23.5059 
11361,265.172744,-53.669792,21.1694 
11362,265.172744,-53.66898,19.4199 
11363,265.172587,-53.668598,21.745 
11364,265.172333,-53.668766,21.1951 
11371,265.178461,-53.669371,17.3187 
11372,265.177958,-53.668824,18.0138 
11373,265.177759,-53.669016,18.5531 
11374,265.177073,-53.669047,17.7189 
11375,265.176916,-53.669479,18.2084 
11376,265.176615,-53.668599,18.9108 
11377,265.178712,-53.669585,21.2478 
11378,265.178527,-53.669368,20.4415 
11379,265.178167,-53.669426,20.905 
11380,265.177809,-53.669357,21.8446 
11381,265.177724,-53.668594,21.6783 
11382,265.177697,-53.668766,19.2685 
11384,265.177356,-53.668901,19.686 
11386,265.176952,-53.668888,21.056 
11389,265.176722,-53.669843,20.8735 
11390,265.1766,-53.669615,23.0965 
11393,265.181013,-53.669429,18.4543 
11394,265.18034,-53.66862,17.4805 
11395,265.18009,-53.669526,17.2823 
11396,265.179625,-53.66969,17.3495 
11398,265.179188,-53.668938,18.6365 
11399,265.178943,-53.669289,18.1936 
11400,265.180189,-53.669672,19.6964 
11401,265.179971,-53.669504,20.1034 
11402,265.179754,-53.669749,21.3089 
11404,265.179695,-53.669162,19.9351 
11405,265.17967,-53.668876,21.7943 
11406,265.179447,-53.669177,20.5959 
11407,265.179347,-53.669104,20.1097 
11408,265.179322,-53.669481,19.2041 
11410,265.179257,-53.669072,21.296 
11411,265.179167,-53.66881,19.1756 
11413,265.17886,-53.669066,19.7365 
11430,265.182976,-53.669737,18.918 
11431,265.182425,-53.668696,17.1152 
11432,265.182202,-53.66943,17.979 
11433,265.182105,-53.6691,17.2551 
11434,265.18207,-53.669462,18.6661 
11435,265.181972,-53.669228,17.373 
11436,265.181848,-53.668704,17.674 
11437,265.181806,-53.669051,16.9302 
11438,265.181573,-53.669436,17.2621 
11439,265.181109,-53.668725,16.9991 
11440,265.183179,-53.669207,21.8881 
11443,265.182632,-53.668889,22.961 
11448,265.182955,-53.669741,20.2706 
11463,265.186553,-53.6696,17.1711 
11464,265.185992,-53.669166,17.5389 
11465,265.185636,-53.669807,17.2404 
11466,265.185619,-53.668957,18.8115 
11468,265.187369,-53.66972,22.9828 
11469,265.187347,-53.669524,20.695 
11470,265.187301,-53.669809,21.3667 
11472,265.187104,-53.669713,17.5036 
11474,265.186861,-53.669094,20.1984 
11475,265.186687,-53.668623,22.343 
11476,265.185633,-53.668573,21.0225 
11477,265.185535,-53.668748,19.6544 
11479,265.185123,-53.669805,18.397 
11480,265.184824,-53.668935,19.0669 
11481,265.184693,-53.669332,17.8813 
11482,265.184594,-53.669614,17.9886 
11483,265.184138,-53.66863,16.9468 
11484,265.183683,-53.668911,18.0277 
11485,265.185469,-53.66968,19.3145 
11486,265.185135,-53.669638,21.5268 
11487,265.185082,-53.66898,20.9883 
11488,265.185002,-53.669813,19.0516 
11489,265.183998,-53.669766,21.7062 
11490,265.183279,-53.668777,20.9004 
11629,265.173056,-53.668119,17.2749 
11630,265.172982,-53.667823,18.5705 
11631,265.172431,-53.668309,17.6028 
11632,265.172409,-53.667258,18.5087 
11633,265.172239,-53.668313,19.0428 
11634,265.173879,-53.66829,22.2701 
11635,265.173636,-53.66786,19.3109 
11637,265.172908,-53.667687,19.1897 
11698,265.176398,-53.667684,17.4343 
11700,265.175844,-53.667346,19.1924 
11701,265.175273,-53.668549,17.6791 
11702,265.175049,-53.668151,18.5093 
11703,265.176325,-53.668043,20.3174 
11704,265.175909,-53.667246,22.7288 
11705,265.175514,-53.66724,20.6894 
11706,265.175155,-53.668093,22.1412 
11707,265.174939,-53.667527,21.6063 
11708,265.174593,-53.668443,20.3019 
11711,265.175347,-53.6678,21.2339 
11810,265.178643,-53.668447,16.9974 
11811,265.178507,-53.668407,18.759 
11812,265.178306,-53.668309,19.2608 
11813,265.177995,-53.667614,18.3077 
11814,265.177916,-53.667245,17.1305 
11815,265.177172,-53.667586,17.3375 
11816,265.176642,-53.667399,18.7343 
11817,265.17662,-53.668501,17.0717 
11819,265.178173,-53.668116,20.46 
11820,265.178065,-53.668518,20.8245 
11821,265.177691,-53.668534,21.626 
11822,265.177255,-53.667355,20.8303 
11824,265.17677,-53.667838,20.4514 
11834,265.171734,-53.668151,17.011 
11836,265.171144,-53.668345,18.3248 
11837,265.170424,-53.668522,18.5825 
11840,265.169986,-53.668197,17.9778 
11842,265.171749,-53.667931,24.2232 
11844,265.171667,-53.66739,19.8346 
11846,265.170893,-53.668472,19.136 
11847,265.170682,-53.668286,18.918 
11851,265.170359,-53.668437,22.0765 
11856,265.186507,-53.668494,18.1429 
11857,265.186252,-53.668482,17.2708 
11858,265.186095,-53.668331,17.5259 
11863,265.185195,-53.667757,17.4947 
11864,265.184881,-53.668009,19.4674 
11865,265.183604,-53.66734,18.0217 
11866,265.18479,-53.66778,21.0735 
11870,265.184089,-53.66837,23.3283 
11871,265.183273,-53.668482,22.5135 
11892,265.180626,-53.667491,18.8231 
11893,265.179906,-53.667871,18.6919 
11894,265.179076,-53.668198,18.3359 
11895,265.179035,-53.667656,18.0261 
11896,265.178846,-53.668446,18.1178 
11897,265.180628,-53.668355,19.7802 
11898,265.180058,-53.667531,18.9929 
11899,265.179735,-53.668145,20.3436 
11900,265.179116,-53.667916,19.2448 
11901,265.178829,-53.667639,21.0096 
11902,265.179176,-53.668472,23.7255 
11903,265.182581,-53.668462,18.0678 
11904,265.182488,-53.667258,18.5459 
11905,265.18245,-53.668276,17.3857 
11906,265.182241,-53.668141,18.3088 
11907,265.181694,-53.667901,19.1646 
11908,265.181347,-53.667551,18.4048 
11910,265.182894,-53.668084,21.008 
11911,265.182658,-53.668435,19.6949 
11912,265.182656,-53.667906,21.9706 
11913,265.18227,-53.668006,22.4904 
11914,265.182013,-53.66762,21.3187 
11915,265.181817,-53.667833,22.7619 
12101,265.176317,-53.667193,17.1246 
12102,265.175621,-53.666002,17.7942 
12103,265.175438,-53.666525,17.7695 
12104,265.175435,-53.665942,17.32 
12105,265.174783,-53.665929,18.6946 
12106,265.176346,-53.666385,20.6126 
12107,265.175829,-53.667188,22.7141 
12108,265.175511,-53.666811,20.7599 
12109,265.17538,-53.666921,19.9559 
12110,265.175353,-53.666478,19.681 
12111,265.174924,-53.666008,20.5756 
12113,265.17569,-53.667068,23.4864 
12186,265.173924,-53.6661,19.0265 
12187,265.17379,-53.667139,18.8022 
12192,265.17385,-53.666642,19.1914 
12194,265.172901,-53.666468,23.3628 
12195,265.172876,-53.66698,21.1211 
12196,265.172739,-53.667018,21.7398 
12199,265.173865,-53.666688,19.9144 
12216,265.177879,-53.666815,18.9336 
12217,265.176765,-53.666819,18.3572 
12218,265.177513,-53.666442,19.0604 
12219,265.176987,-53.66705,20.4313 
12220,265.176952,-53.666875,20.2754 
12222,265.181004,-53.666861,18.2159 
12223,265.180775,-53.666861,18.8055 
12224,265.180716,-53.666613,18.2955 
12225,265.180531,-53.665956,18.2598 
12226,265.180517,-53.666066,17.4053 
12227,265.180414,-53.666286,17.4713 
12229,265.179281,-53.66598,17.4002 
12230,265.180655,-53.666052,20.7443 
12231,265.180329,-53.667127,18.4592 
12232,265.180288,-53.666408,21.8696 
12233,265.180125,-53.666975,22.6609 
12234,265.179903,-53.666376,20.5469 
12237,265.178918,-53.666901,19.8737 
12248,265.182823,-53.666926,17.4542 
12249,265.182711,-53.666817,18.0342 
12250,265.182504,-53.666414,18.8138 
12251,265.181731,-53.666494,24.9126 
12252,265.181268,-53.666296,18.7471 
12253,265.18322,-53.666538,19.727 
12254,265.182908,-53.666461,20.5755 
12256,265.182492,-53.66691,19.1115 
12257,265.18211,-53.666094,19.7309 
12258,265.181894,-53.667025,21.8589 
12260,265.181724,-53.667214,19.201 
12262,265.181117,-53.666142,19.7935 
12325,265.184648,-53.667149,19.1357 
12539,265.176892,-53.665919,17.6798 
12540,265.178783,-53.665827,20.7538 
12606,265.175775,-53.665906,16.9534 
12612,265.176388,-53.665742,20.509 
